{
    "tabs": {
        "00": {
            "tab_id": "00",
            "cwd": "/workspace/streamlit_template",
            "observer": {
                "block": "Terminal",
                "uuid": "63a9df26-1db3-4345-87d9-d2d0863ecb0e",
                "enable_llm_stream": false,
                "callback_url": ""
            },
            "shell_command": [
                "bash"
            ],
            "command_terminator": "\n"
        },
        "01": {
            "tab_id": "01",
            "cwd": "/workspace/streamlit_template",
            "observer": {
                "block": "Terminal",
                "uuid": "dd95fc9b-22d7-4111-88f3-d82d10e14f48",
                "enable_llm_stream": false,
                "callback_url": ""
            },
            "shell_command": [
                "bash"
            ],
            "command_terminator": "\n"
        },
        "02": {
            "tab_id": "02",
            "cwd": "/workspace/streamlit_template",
            "observer": {
                "block": "Terminal",
                "uuid": "c05c2b4b-d754-45de-b90d-9bd25f6bfe60",
                "enable_llm_stream": false,
                "callback_url": ""
            },
            "shell_command": [
                "bash"
            ],
            "command_terminator": "\n"
        }
    },
    "current_tab_id": "02",
    "forbidden_commands": {
        "run preview": "Use Deployer.deploy_to_public instead.",
        "serve ": "Use Deployer.deploy_to_public instead.",
        "python -m http.server": "Use python -u -m http.server port_number instead."
    },
    "timeout": 300.0,
    "working_dir": "/workspace"
}